{"LL": -3.3101239912472655, "RMSE": 8.738780533292989}