{"LL": -26.739461458464056, "RMSE": 4.767276406419044}