{"LL": -2.759935491156079, "RMSE": 4.981793812989094}