{"LL": -2.437683306285396, "RMSE": 2.6012119937140783}