{"LL": -2.5145443592948222, "RMSE": 3.162462414624642}