{"LL": -2.8098406601223864, "RMSE": 2.9737487741259163}