{"LL": -5.355400388596937, "RMSE": 3.3005858031254736}