{"LL": -3.3619108107860276, "RMSE": 6.787366052908181}