{"LL": -3.4633384590865783, "RMSE": 8.502940804660259}