{"LL": -2.453543711553204, "RMSE": 2.7751144494001174}