{"LL": -3.4341669461932756, "RMSE": 6.2383766252073425}