{"LL": -2.360033229742845, "RMSE": 3.805131419149583}