{"LL": -2.606013400573423, "RMSE": 2.1964158809080923}