{"LL": -3.482833043583978, "RMSE": 2.4012349330377836}