{"LL": -2.343895437805939, "RMSE": 2.498184317650534}