{"LL": -3.2947051682375412, "RMSE": 6.284329165137959}