{"LL": -2.2677028702650217, "RMSE": 2.168098351952515}