{"LL": -2.4445931466827284, "RMSE": 2.7413179820589573}