{"LL": -3.798934849493029, "RMSE": 2.680911907984922}