{"LL": -3.52928890222065, "RMSE": 9.401552837871861}