{"LL": -3.317545239419915, "RMSE": 5.734000769950483}