{"LL": -2.5322532412523273, "RMSE": 2.76983303648741}