{"LL": -2.557703634556587, "RMSE": 3.417471920187493}