{"LL": -3.1210860740219526, "RMSE": 5.60899542661943}