{"LL": -7.738253169374436, "RMSE": 3.5183858285228964}