{"LL": -11.69783360570152, "RMSE": 4.162557841972532}