{"LL": -4.326870753296201, "RMSE": 3.2136758193834716}