{"LL": -3.215501581267173, "RMSE": 8.752064400749054}