{"LL": -3.3986781239647534, "RMSE": 8.687065100675978}