{"LL": -3.7550036640146294, "RMSE": 7.779720967371972}