{"LL": -4.8354033839360575, "RMSE": 16.12173364388055}