{"LL": -12.105826795314359, "RMSE": 4.990786410968335}