{"LL": -4.1240822950992655, "RMSE": 9.441519674493255}