{"LL": -3.8460267657174607, "RMSE": 8.938493081226413}