{"LL": -3.86401934017654, "RMSE": 8.44085754274389}