{"LL": -17.364687410735122, "RMSE": 5.326704980437803}