{"LL": -3.8280680788500634, "RMSE": 8.711082507281075}