{"LL": -41.583327882382164, "RMSE": 7.667786925165359}