{"LL": -4.347841363472556, "RMSE": 14.88790848689696}