{"LL": -17.26323997986012, "RMSE": 5.919495784500985}