{"LL": -4.713715936319217, "RMSE": 17.339936280431182}