{"LL": -4.576974829246397, "RMSE": 14.885510229811805}