{"LL": -4.117018960847891, "RMSE": 9.742370557811508}