{"LL": -5.024574583371311, "RMSE": 17.05407110403839}