{"LL": -53.36653652386824, "RMSE": 8.492687978786883}