{"LL": -4.173559721130802, "RMSE": 9.263179573276611}