{"LL": -4.349242091396425, "RMSE": 10.8928992405587}