{"LL": -4.41980630894017, "RMSE": 14.532328937262582}