{"LL": -4.9053927628396705, "RMSE": 17.389447170746937}