{"LL": -3.966512204666025, "RMSE": 9.326701636025954}