{"LL": -4.525921345746715, "RMSE": 15.543248625319368}