{"LL": -23.45646857138415, "RMSE": 5.9950657015038615}