{"LL": -4.611388956697387, "RMSE": 16.049993701249605}