{"LL": -4.363313951759316, "RMSE": 13.98001655815808}