{"LL": -4.23659884169944, "RMSE": 10.393713425922043}