{"LL": -3.250926836554096, "RMSE": 7.3504299266503175}