{"LL": -3.2687833719814114, "RMSE": 6.333099291699022}