{"LL": -2.4939456885278215, "RMSE": 1.325605975934099}