{"LL": -1.8978145372292083, "RMSE": 1.3766150069446634}