{"LL": -2.079556494361904, "RMSE": 1.9997459778864972}