{"LL": -1.9268185693646394, "RMSE": 1.6130812785721935}