{"LL": -17.331868219235382, "RMSE": 3.455414323461245}