{"LL": -3.212791655064156, "RMSE": 4.3709688451814825}