{"LL": -2.1217132040106956, "RMSE": 2.056200015053084}