{"LL": -5.673166409663168, "RMSE": 2.3993416009569444}