{"LL": -1.8999685281273115, "RMSE": 1.5856689599832907}