{"LL": -2.0529371532754705, "RMSE": 2.0286157363126778}