{"LL": -3.3399518685306715, "RMSE": 5.978625694808383}