{"LL": -3.21452600721944, "RMSE": 5.132828814634644}