{"LL": -6.404394037444717, "RMSE": 2.188269005467081}