{"LL": -3.0381433703303435, "RMSE": 4.41399807723655}