{"LL": -2.0175541790013245, "RMSE": 1.290359391492327}