{"LL": -3.131628198526438, "RMSE": 6.26293710593106}