{"LL": -2.1236849026396283, "RMSE": 2.081917345569578}