{"LL": -1.729508708782342, "RMSE": 1.5132140213807586}