{"LL": -3.3701920330207953, "RMSE": 13.536858686267946}