{"LL": -11.80002899233452, "RMSE": 2.8923852206342473}