{"LL": -1.9688517883259533, "RMSE": 1.7849750473510622}