{"LL": -1.8673018913045663, "RMSE": 1.550112742575841}