{"LL": -2.472719919340235, "RMSE": 1.7393248185055836}