{"LL": -3.299506466509679, "RMSE": 5.355810549190777}