{"LL": -1.9576443950744247, "RMSE": 1.4693050721621097}