{"LL": -2.0233464081481607, "RMSE": 1.8568980475956671}