{"LL": -1.8871853959259368, "RMSE": 1.6678699797826446}