{"LL": -3.2183171904667223, "RMSE": 13.159504543756949}