{"LL": -0.10206666456052553, "RMSE": 0.10328235480859345}