{"LL": -0.07651347651877496, "RMSE": 0.10462580137793906}