{"LL": -1.5255024841349272, "RMSE": 0.12361542290679736}