{"LL": -0.5230788561611013, "RMSE": 0.13961069409391852}