{"LL": -1.5981391900276853, "RMSE": 0.21729533461509654}