{"LL": -1.4733038880879457, "RMSE": 0.1338566616268911}