{"LL": -1.4819465484463652, "RMSE": 0.13991409893211487}