{"LL": -0.04196641320082084, "RMSE": 0.0918420161978788}