{"LL": -1.3439233804195772, "RMSE": 0.11971697145465325}