{"LL": -1.4184871637575753, "RMSE": 0.1347314066564728}