{"LL": -0.04955143301823049, "RMSE": 0.10491206923586144}