{"LL": -1.5108509616796713, "RMSE": 0.1333416404764163}