{"LL": -1.439785059046264, "RMSE": 0.13524037633987177}