{"LL": -0.028942517799249085, "RMSE": 0.098140378123784}