{"LL": -1.5672706759911208, "RMSE": 0.3574269217659483}