{"LL": -0.0813059135557478, "RMSE": 0.10458074927792481}