{"LL": -1.4584659200193828, "RMSE": 0.13354792597498738}