{"LL": -0.049559498718799444, "RMSE": 0.092807254270723}