{"LL": -1.3843572190686024, "RMSE": 0.1285965304100916}