{"LL": -1.554344667549393, "RMSE": 0.13077619956091308}