{"LL": -0.07673122174704781, "RMSE": 0.09071139595315997}