{"LL": -0.044307350246911015, "RMSE": 0.09255350736581765}