{"LL": -0.022682116771757767, "RMSE": 0.0908810583821344}