{"LL": -1.1591996956800052, "RMSE": 0.005609438801816825}