{"LL": -0.24305252156814458, "RMSE": 0.0029046718145082457}