{"LL": -0.22005606946664766, "RMSE": 0.002972583438294496}