{"LL": -0.21877963076069581, "RMSE": 0.004295814373612623}