{"LL": -0.22245721986200798, "RMSE": 0.003441682725580823}