{"LL": -1.2026936772303898, "RMSE": 0.005657406534229031}