{"LL": -0.22818499147970198, "RMSE": 0.002394440490248253}