{"LL": -1.1660260096827533, "RMSE": 0.005699789563116438}