{"LL": -1.1973941015379206, "RMSE": 0.005692898684749667}