{"LL": -1.1072607119140234, "RMSE": 0.005689576672431226}