{"LL": -1.1356142628868475, "RMSE": 0.005684110769013896}