{"LL": -0.21725663597957007, "RMSE": 0.003556957954820217}