{"LL": -1.077578170805177, "RMSE": 0.005571406383199666}