{"LL": -0.22769405644787205, "RMSE": 0.004067801047626378}