{"LL": -0.22760853584090532, "RMSE": 0.003731740095998288}