{"LL": -0.25345244807799794, "RMSE": 0.0033305412965080636}