{"LL": -1.2315222060098887, "RMSE": 0.005463851241558448}