{"LL": -0.2417245821949851, "RMSE": 0.003639349438165525}