{"LL": -1.1391956909386216, "RMSE": 0.00550556560672098}