{"LL": -1.0459818070665714, "RMSE": 0.00565131598254699}