{"LL": -14.322967125693621, "RMSE": 5.142087455572888}