{"LL": -3.861008115807995, "RMSE": 4.837118573412719}