{"LL": -3.6401759568865746, "RMSE": 4.871005332905492}