{"LL": -12.007301753044477, "RMSE": 4.556832532831161}