{"LL": -3.746571056250788, "RMSE": 4.787024878594882}