{"LL": -13.333983774390777, "RMSE": 4.658918140044721}