{"LL": -13.084277672935821, "RMSE": 4.731537219684489}