{"LL": -12.675415681869717, "RMSE": 4.693159644095886}