{"LL": -3.792396008764786, "RMSE": 4.835366585338657}