{"LL": -3.8226594556139655, "RMSE": 4.930817629857258}