{"LL": -12.860554431374586, "RMSE": 4.587880038379233}