{"LL": -12.92750351306109, "RMSE": 4.622444603895201}