{"LL": -3.7689025409977455, "RMSE": 4.85556998625754}