{"LL": -3.7968365696393946, "RMSE": 4.829033705096053}