{"LL": -3.9982207988051655, "RMSE": 4.81218329301557}