{"LL": -3.7061223581511653, "RMSE": 4.8452615395359055}