{"LL": -13.61016203080418, "RMSE": 4.748463587391897}