{"LL": -12.82128809757055, "RMSE": 4.550869662128168}