{"LL": -13.667209742137244, "RMSE": 4.823798175235408}