{"LL": -3.6929307302981322, "RMSE": 4.879152448900586}