{"LL": -1.7619074919651085, "RMSE": 0.5855116830270454}