{"LL": -1.0228829589511619, "RMSE": 0.6571310854748017}