{"LL": -0.995843474924882, "RMSE": 0.6343621162748331}