{"LL": -1.9576798732044027, "RMSE": 0.6313701831668466}