{"LL": -0.912032339934143, "RMSE": 0.5382306322099826}