{"LL": -1.8834714839280509, "RMSE": 0.570164279672111}