{"LL": -1.005855493384659, "RMSE": 0.637644494636869}