{"LL": -0.9772894861135493, "RMSE": 0.625439536529463}