{"LL": -1.8911562829554975, "RMSE": 0.631378527001198}