{"LL": -0.9544305983591221, "RMSE": 0.5840789240256878}