{"LL": -0.9674667544286614, "RMSE": 0.6024391755023067}