{"LL": -1.8017501392020847, "RMSE": 0.5960627257655756}