{"LL": -0.9644227427226852, "RMSE": 0.5967850552321605}