{"LL": -1.914799263832028, "RMSE": 0.5435190664123656}