{"LL": -1.8451588302607878, "RMSE": 0.6567367101889581}