{"LL": -0.9142325822055473, "RMSE": 0.535097892598549}