{"LL": -1.8586362713224323, "RMSE": 0.5487621133062516}