{"LL": -1.9272057280919968, "RMSE": 0.5933245680633041}