{"LL": -1.0207466019007325, "RMSE": 0.6535517646356531}