{"LL": -1.8617944971364253, "RMSE": 0.6191734138991445}