{"LL": -8.080425209842895, "RMSE": 6.276723662753352}