{"LL": -3.584216180269749, "RMSE": 5.856449587692197}