{"LL": -3.0075425101465547, "RMSE": 3.8609577098353136}