{"LL": -3.678811335219097, "RMSE": 9.122019465699175}