{"LL": -3.843644266729702, "RMSE": 9.955544467596065}