{"LL": -3.572107558563455, "RMSE": 9.571480051071354}