{"LL": -3.0660335725560963, "RMSE": 4.47836893428185}