{"LL": -2.8977419936831086, "RMSE": 4.225517213238484}