{"LL": -3.9678942694436397, "RMSE": 10.39941301390186}