{"LL": -6.817120119010117, "RMSE": 5.264423995352884}