{"LL": -3.3988036718125185, "RMSE": 4.488355059135657}