{"LL": -2.6230993744388393, "RMSE": 3.52725921321205}