{"LL": -5.388847580357816, "RMSE": 4.4293561607043515}