{"LL": -3.7876855303048456, "RMSE": 11.487225026797182}