{"LL": -3.8043026189000955, "RMSE": 10.305727934403697}