{"LL": -4.2210826660454535, "RMSE": 13.736462424935391}