{"LL": -4.120887563525181, "RMSE": 11.645927570128569}