{"LL": -3.7495054204139704, "RMSE": 11.696769967389471}