{"LL": -3.19084372645694, "RMSE": 5.171478836096412}