{"LL": -3.779566308700092, "RMSE": 10.076206825265798}